Time;Red;Green;Blue;Scan_len;Nan_L;Nan_R;Linear_Speed;Victim;Collision
0.17615604400634766;0.33414767797616324;0.33070003196492986;0.33515229005890673;0;0;0;0;False;False
0.22605180740356445;0.3309397081765623;0.3322932917316692;0.3367670000917683;0;0;0;0;False;False
0.276076078414917;0.3309397081765623;0.3322932917316692;0.3367670000917683;0;0;0;0;False;False
0.3260524272918701;0.3309397081765623;0.3322932917316692;0.3367670000917683;0;0;0;0;False;False
0.3760392665863037;0.32957868762566256;0.3309267044416011;0.33949460793273617;0;0;0;0;False;False
0.426088809967041;0.32957868762566256;0.3309267044416011;0.33949460793273617;0;0;0;0;False;False
0.4760456085205078;0.32684057883447626;0.336485302558835;0.33667411860668855;0;0;0;0;False;False
0.5260684490203857;0.32684057883447626;0.336485302558835;0.33667411860668855;0;0;0;0;False;False
0.5760393142700195;0.33811330843092546;0.3308505187176497;0.33103617285142467;0;0;0;0;False;False
0.6260607242584229;0.33811330843092546;0.3308505187176497;0.33103617285142467;0;0;0;0;False;False
0.6760709285736084;0.33336750234301776;0.32620665417057165;0.3404258434864105;0;0;0;0;False;False
0.7260425090789795;0.33336750234301776;0.32620665417057165;0.3404258434864105;0;0;0;0;False;False
0.7760365009307861;0.33336750234301776;0.32620665417057165;0.3404258434864105;0;0;0;0;False;False
0.8260397911071777;0.3308385409097515;0.3313181223659352;0.3378433367243134;0;0;0;0;False;False
0.8760268688201904;0.3308385409097515;0.3313181223659352;0.3378433367243134;0;0;0;0;False;False
0.926135778427124;0.33549806977667135;0.32901107623480175;0.33549085398852696;0;0;0;0;False;False
0.9760513305664062;0.33549806977667135;0.32901107623480175;0.33549085398852696;0;0;0;0;False;False
1.0260367393493652;0.3324966389198776;0.326067679281444;0.34143568179867845;0;0;0;0;False;False
1.0760438442230225;0.3324966389198776;0.326067679281444;0.34143568179867845;0;0;0;0;False;False
1.1260402202606201;0.32873525835006645;0.33369156367544334;0.3375731779744902;0;0;0;0;False;False
1.1760497093200684;0.32873525835006645;0.33369156367544334;0.3375731779744902;0;0;0;0;False;False
1.2260262966156006;0.33487225114017694;0.3306408109793262;0.3344869378804968;0;0;0;0;False;False
1.276043176651001;0.33487225114017694;0.3306408109793262;0.3344869378804968;0;0;0;0;False;False
1.3260326385498047;0.33487225114017694;0.3306408109793262;0.3344869378804968;0;0;0;0;False;False
1.3760366439819336;0.3333589047974391;0.3291465872556472;0.3374945079469136;0;0;0;0;False;False
1.4260480403900146;0.3333589047974391;0.3291465872556472;0.3374945079469136;0;0;0;0;False;False
1.4760465621948242;0.33326593645636515;0.3293336772898089;0.3374003862538259;0;0;0;0;False;False
1.5260374546051025;0.33326593645636515;0.3293336772898089;0.3374003862538259;0;0;0;0;False;False
1.576047420501709;0.33354473165190357;0.32919596624131464;0.3372593021067817;0;0;0;0;False;False
1.6260571479797363;0.33354473165190357;0.32919596624131464;0.3372593021067817;0;0;0;0;False;False
1.6760468482971191;0.3331059730786899;0.32876292821447967;0.33813109870683056;0;0;0;0;False;False
1.726046085357666;0.3331059730786899;0.32876292821447967;0.33813109870683056;0;0;0;0;False;False
1.7760820388793945;0.33265218177016;0.32967735657589275;0.33767046165394715;0;0;0;0;False;False
1.8260624408721924;0.33265218177016;0.32967735657589275;0.33767046165394715;0;0;0;0;False;False
1.8760452270507812;0.33265218177016;0.32967735657589275;0.33767046165394715;0;0;0;0;False;False
1.9264602661132812;0.33265218177016;0.32967735657589275;0.33767046165394715;215;2;4;0.21;False;False
1.9763658046722412;0.33265218177016;0.32967735657589275;0.33767046165394715;215;2;4;0.21;False;False
2.0264017581939697;0.3328604017136816;0.32988371446057974;0.33725588382573857;214;1;3;0.21;False;False
2.076382875442505;0.3328604017136816;0.32988371446057974;0.33725588382573857;214;1;3;0.21;False;False
2.1264097690582275;0.3323426476306872;0.3309260596633521;0.3367312927059608;215;3;5;0.21;False;False
2.176403284072876;0.3323426476306872;0.3309260596633521;0.3367312927059608;215;3;5;0.21;False;False
2.226383686065674;0.33883911073214007;0.3277060712542033;0.33345481801365673;214;2;4;0.21;False;False
2.276390552520752;0.33883911073214007;0.3277060712542033;0.33345481801365673;214;2;4;0.21;False;False
2.3263819217681885;0.33883911073214007;0.3277060712542033;0.33345481801365673;215;3;3;0.21;False;False
2.376411199569702;0.3323194583074806;0.3214006312552268;0.3462799104372926;215;3;3;0.21;False;False
2.4263916015625;0.3323194583074806;0.3214006312552268;0.3462799104372926;216;2;2;0.21;False;False
2.476191997528076;0.32473309608540923;0.3368920521945433;0.33837485172004744;216;4;4;0.21;False;False
2.5263864994049072;0.32473309608540923;0.3368920521945433;0.33837485172004744;216;4;4;0.21;False;False
2.5761969089508057;0.34031868662481896;0.32911636890391116;0.33056494447126994;216;3;2;0.21;False;False
2.6264100074768066;0.34031868662481896;0.32911636890391116;0.33056494447126994;216;3;2;0.21;False;False
2.6762051582336426;0.3362659592740319;0.3251970457451478;0.33853699498082024;215;4;3;0.21;False;False
2.7263782024383545;0.3362659592740319;0.3251970457451478;0.33853699498082024;215;4;3;0.21;False;False
2.776395559310913;0.3311760320274664;0.3354112760238828;0.3334126919486508;217;5;2;0.21;False;False
2.8263649940490723;0.3311760320274664;0.3354112760238828;0.3334126919486508;217;5;2;0.21;False;False
2.876380443572998;0.3311760320274664;0.3354112760238828;0.3334126919486508;217;4;2;0.21;False;False
2.926378011703491;0.3425041419535239;0.3297302956954479;0.3277655623510283;217;4;2;0.21;False;False
2.9764108657836914;0.3425041419535239;0.3297302956954479;0.3277655623510283;216;1;3;0.21;False;False
3.0263900756835938;0.33620507239805325;0.3236661527765183;0.3401287748254285;216;1;3;0.21;False;False
3.0763776302337646;0.33620507239805325;0.3236661527765183;0.3401287748254285;215;4;1;0.21;False;False
3.1263794898986816;0.3338396057078708;0.3284246924845567;0.3377357018075725;215;4;1;0.21;False;False
3.1763737201690674;0.3338396057078708;0.3284246924845567;0.3377357018075725;217;3;3;0.21;False;False
3.2263803482055664;0.3286811012904045;0.3309678941541589;0.3403510045554366;217;3;3;0.21;False;False
3.276398181915283;0.3286811012904045;0.3309678941541589;0.3403510045554366;216;3;2;0.21;False;False
3.32633113861084;0.3322996752233986;0.3346116442503532;0.3330886805262482;216;3;3;0.21;False;False
3.376396894454956;0.3322996752233986;0.3346116442503532;0.3330886805262482;216;3;3;0.21;False;False
3.4261937141418457;0.3322996752233986;0.3346116442503532;0.3330886805262482;216;4;4;0.21;False;False
3.4763882160186768;0.3404455305949807;0.3183005921609174;0.34125387724410194;216;4;4;0.21;False;False
3.5264782905578613;0.3404455305949807;0.3183005921609174;0.34125387724410194;217;2;3;0.13418182546442206;False;False
3.576519250869751;0.30030579006847036;0.3376720069135146;0.3620222030180151;217;2;3;0.13418182546442206;False;False
3.6265337467193604;0.30030579006847036;0.3376720069135146;0.3620222030180151;213;4;1;0.06109091455286199;False;False
3.6765177249908447;0.3293934930657839;0.3703790121476383;0.3002274947865778;213;4;1;0.06109091455286199;False;False
3.7265822887420654;0.3293934930657839;0.3703790121476383;0.3002274947865778;214;7;1;0.017999999414790756;False;False
3.7764785289764404;0.39073987579358904;0.25311813448198317;0.35614198972442784;214;7;1;0.017999999414790756;False;False
3.9386701583862305;0.39073987579358904;0.25311813448198317;0.35614198972442784;216;9;3;0.0;False;False
3.943542957305908;0.22346183950875878;0.3226140735759407;0.4539240869153006;216;9;3;0.0;False;False
3.976634979248047;0.22346183950875878;0.3226140735759407;0.4539240869153006;173;7;2;-0.21;False;True
4.0265114307403564;0.32789271906695355;0.4733819699445155;0.19872531098853105;135;1;4;-0.21;False;True
4.076474905014038;0.32789271906695355;0.4733819699445155;0.19872531098853105;135;1;4;-0.21;False;True
4.126490592956543;0.4747628527930671;0.23749853612835226;0.2877386110785806;143;5;3;-0.21;False;True
4.176617860794067;0.4747628527930671;0.23749853612835226;0.2877386110785806;153;5;3;-0.21;False;True
4.226563930511475;0.4127275108026712;0.26554929946314;0.32172318973418884;153;5;3;-0.21;False;True
4.276418447494507;0.4127275108026712;0.26554929946314;0.32172318973418884;173;5;6;-0.21;False;True
4.326526880264282;0.3207293744149131;0.20635760511213316;0.47291302047295375;173;5;6;-0.21;False;True
4.376390695571899;0.3207293744149131;0.20635760511213316;0.47291302047295375;215;4;16;-0.21;False;True
4.426398754119873;0.3207293744149131;0.20635760511213316;0.47291302047295375;215;4;16;-0.21;False;True
4.476240158081055;0.225406905231843;0.4422323293000372;0.3323607654681198;215;5;3;-0.21;False;True
4.526386260986328;0.225406905231843;0.4422323293000372;0.3323607654681198;215;5;3;-0.21;False;True
4.576417446136475;0.4231944873419744;0.32931102425100917;0.24749448840701654;215;2;3;-0.21;False;True
4.626392126083374;0.4231944873419744;0.32931102425100917;0.24749448840701654;215;2;3;-0.21;False;True
4.676371812820435;0.34188879902256025;0.2660425736951696;0.3920686272822701;217;5;2;-0.21;False;True
4.726380109786987;0.34188879902256025;0.2660425736951696;0.3920686272822701;217;5;2;-0.21;False;True
4.776386737823486;0.29440748040247167;0.3679741564542181;0.3376183631433101;216;2;3;-0.21;False;True
4.826406478881836;0.29440748040247167;0.3679741564542181;0.3376183631433101;216;2;3;-0.21;False;True
4.876377582550049;0.29440748040247167;0.3679741564542181;0.3376183631433101;216;2;3;-0.21;False;False
4.926388740539551;0.3708560707160128;0.3281053869429066;0.3010385423410805;216;2;3;0.21;False;False
4.976402521133423;0.3708560707160128;0.3281053869429066;0.3010385423410805;217;3;2;0.21;False;False
5.027174949645996;0.34392442056378236;0.30427830093310215;0.35179727850311543;217;6;2;0.21;False;False
5.076378583908081;0.34392442056378236;0.30427830093310215;0.35179727850311543;217;6;2;0.21;False;False
5.126373767852783;0.32652004723154504;0.3394854553597915;0.3339944974086633;216;4;2;0.21;False;False
5.176380634307861;0.32652004723154504;0.3394854553597915;0.3339944974086633;216;4;2;0.21;False;False
5.226339340209961;0.3399010284828168;0.3327404164101161;0.3273585551070671;217;6;2;0.21;False;False
5.276387453079224;0.3399010284828168;0.3327404164101161;0.3273585551070671;217;6;2;0.21;False;False
5.326323986053467;0.3373736687830328;0.3302662999807603;0.33236003123620683;217;2;2;0.21;False;False
5.376477241516113;0.3373736687830328;0.3302662999807603;0.33236003123620683;217;2;2;0.21;False;False
5.426381587982178;0.3373736687830328;0.3302662999807603;0.33236003123620683;216;6;1;0.21;False;False
5.476386308670044;0.3390081084462033;0.3270217097108025;0.3339701818429941;216;6;1;0.21;False;False
5.52637505531311;0.3390081084462033;0.3270217097108025;0.3339701818429941;217;5;2;0.21;False;False
5.576372861862183;0.3324221419506004;0.3302800764941337;0.33729778155526585;217;5;2;0.21;False;False
5.626377582550049;0.3324221419506004;0.3302800764941337;0.33729778155526585;218;4;2;0.21;False;False
5.676377773284912;0.33335252958622474;0.3312044688876732;0.3354430015261021;218;4;2;0.21;False;False
5.726386547088623;0.33335252958622474;0.3312044688876732;0.3354430015261021;216;5;3;0.21;False;False
5.776390075683594;0.33228856321146266;0.33333907382850847;0.334372362960029;216;5;3;0.21;False;False
5.8263936042785645;0.33228856321146266;0.33333907382850847;0.334372362960029;217;3;1;0.21;False;False
5.876381158828735;0.33570155800246726;0.33163521725225026;0.33266322474528265;217;3;1;0.21;False;False
5.926392555236816;0.33570155800246726;0.33163521725225026;0.33266322474528265;216;3;0;0.21;False;False
5.976187467575073;0.33570155800246726;0.33163521725225026;0.33266322474528265;217;1;1;0.21;False;False
6.026381015777588;0.3362892613993936;0.3322158018193261;0.3314949367812804;217;1;1;0.21;False;False
6.076199293136597;0.3362892613993936;0.3322158018193261;0.3314949367812804;217;3;0;0.21;False;False
6.126382827758789;0.3412561104466867;0.3223529138557644;0.3363909756975488;217;3;0;0.21;False;False
6.176210403442383;0.3412561104466867;0.3223529138557644;0.3363909756975488;217;4;1;0.21;False;False
6.226385593414307;0.32735378158234824;0.32915594655158104;0.3434902718660706;217;4;1;0.21;False;False
6.276378631591797;0.32735378158234824;0.32915594655158104;0.3434902718660706;217;0;0;0.21;False;False
6.326412677764893;0.33451056173785565;0.336352126583352;0.32913731167879234;217;0;0;0.21;False;False
6.376381158828735;0.33451056173785565;0.336352126583352;0.32913731167879234;216;2;0;0.21;False;False
6.426398754119873;0.33451056173785565;0.336352126583352;0.32913731167879234;216;2;0;0.21;False;False
6.47640061378479;0.33833918472633245;0.328756379856503;0.33290443541716447;218;1;1;0.21;False;False
6.52637505531311;0.33833918472633245;0.328756379856503;0.33290443541716447;218;1;1;0.21;False;False
6.576379776000977;0.34019881590282824;0.3278323934281996;0.3319687906689721;217;4;1;0.21;False;False
6.626380920410156;0.34019881590282824;0.3278323934281996;0.3319687906689721;217;4;1;0.21;False;False
6.676379680633545;0.33844938151536336;0.3261465519861411;0.33540406649849563;217;3;1;0.21;False;False
6.726370573043823;0.33844938151536336;0.3261465519861411;0.33540406649849563;217;3;1;0.21;False;False
6.776368141174316;0.33537521909614926;0.3322672159881462;0.33235756491570445;217;0;0;0.21;False;False
6.826211929321289;0.33537521909614926;0.3322672159881462;0.33235756491570445;217;4;1;0.21;False;False
6.876370191574097;0.345914000165977;0.3269985417728722;0.3270874580611507;217;4;1;0.21;False;False
6.9261956214904785;0.345914000165977;0.3269985417728722;0.3270874580611507;217;2;0;0.21;False;False
6.976385831832886;0.345914000165977;0.3269985417728722;0.3270874580611507;217;2;0;0.21;False;False
7.026198863983154;0.3371016937403239;0.31866811470295997;0.344230191556716;216;3;3;0.21;False;False
7.0763771533966064;0.3371016937403239;0.31866811470295997;0.344230191556716;216;3;3;0.21;False;False
7.126364707946777;0.3283166422864859;0.3364239900978958;0.33525936761561836;217;5;3;0.21;False;False
7.17638373374939;0.3283166422864859;0.3364239900978958;0.33525936761561836;217;5;3;0.21;False;False
7.226369619369507;0.3297684210526316;0.3356968421052632;0.3345347368421053;218;1;2;0.21;False;False
7.276366233825684;0.3297684210526316;0.3356968421052632;0.3345347368421053;218;1;2;0.21;False;False
7.326372385025024;0.3353773423315406;0.34140659792401773;0.3232160597444418;216;2;2;0.21;False;False
7.376363754272461;0.3353773423315406;0.34140659792401773;0.3232160597444418;216;2;2;0.21;False;False
7.426401615142822;0.3353773423315406;0.34140659792401773;0.3232160597444418;217;4;2;0.21;False;False
7.4763875007629395;0.34678190641493395;0.31901101625872275;0.3342070773263434;217;4;2;0.21;False;False
7.526373863220215;0.34678190641493395;0.31901101625872275;0.3342070773263434;216;5;1;0.21;False;False
7.5763773918151855;0.3186445061610557;0.33275243086131623;0.34860306297762805;216;5;1;0.21;False;False
7.626397609710693;0.3186445061610557;0.33275243086131623;0.34860306297762805;217;3;3;0.21;False;False
7.676177024841309;0.3313906945467354;0.34606295430529316;0.3225463511479715;217;2;4;0.21;False;False
7.72637939453125;0.3313906945467354;0.34606295430529316;0.3225463511479715;217;2;4;0.21;False;False
7.776203155517578;0.3461180861666477;0.3170012240720797;0.3368806897612725;217;2;3;0.21;False;False
7.826414108276367;0.3461180861666477;0.3170012240720797;0.3368806897612725;217;2;3;0.21;False;False
7.876203775405884;0.32510390345608436;0.3271888764618974;0.34770722008201815;217;1;2;0.21;False;False
7.926385164260864;0.32510390345608436;0.3271888764618974;0.34770722008201815;217;1;2;0.21;False;False
7.9762349128723145;0.32510390345608436;0.3271888764618974;0.34770722008201815;216;1;2;0.21;False;False
8.026371002197266;0.3343700295387412;0.3365144285389684;0.32911554192229037;216;1;2;0.21;False;False
8.07638144493103;0.3343700295387412;0.3365144285389684;0.32911554192229037;218;3;4;0.21;False;False
8.12637209892273;0.34479981255308556;0.315818762264593;0.3393814251823214;218;3;4;0.21;False;False
8.176673173904419;0.34479981255308556;0.315818762264593;0.3393814251823214;216;5;2;0.015818184939297757;False;False
8.226477861404419;0.2791383366094158;0.34746882351045655;0.37339283988012756;216;5;2;0.015818184939297757;False;False
8.276522874832153;0.2791383366094158;0.34746882351045655;0.37339283988012756;217;21;4;0.0065454551306637805;False;False
8.326513290405273;0.3438284529208053;0.4279944828681147;0.2281770642110799;217;21;4;0.0065454551306637805;False;False
8.376509189605713;0.3438284529208053;0.4279944828681147;0.2281770642110799;146;5;3;-0.21;False;True
8.426557064056396;0.47805631820753025;0.20468812516383605;0.3172555566286337;146;5;3;-0.21;False;True
8.476537466049194;0.47805631820753025;0.20468812516383605;0.3172555566286337;135;5;5;-0.21;False;True
8.526515007019043;0.47805631820753025;0.20468812516383605;0.3172555566286337;135;5;5;-0.21;False;True
8.576493978500366;0.2846012745598608;0.28055445244984023;0.43484427299029893;141;6;6;-0.21;False;True
8.626348972320557;0.2846012745598608;0.28055445244984023;0.43484427299029893;167;5;7;-0.21;False;True
8.676485300064087;0.2802137444376175;0.2762293097991026;0.44355694576327986;167;5;7;-0.21;False;True
8.726200819015503;0.2802137444376175;0.2762293097991026;0.44355694576327986;201;3;3;-0.21;False;True
8.776379346847534;0.20244548768512663;0.477098774565852;0.3204557377490214;201;3;3;-0.21;False;True
8.82639479637146;0.20244548768512663;0.477098774565852;0.3204557377490214;214;3;3;-0.21;False;True
8.876375913619995;0.4070069809773368;0.3547296621527014;0.2382633568699618;214;3;3;-0.21;False;True
8.926379919052124;0.4070069809773368;0.3547296621527014;0.2382633568699618;216;2;2;-0.21;False;True
8.976386070251465;0.4070069809773368;0.3547296621527014;0.2382633568699618;216;2;2;-0.21;False;True
9.026371479034424;0.3365949281236042;0.2933615655654993;0.37004350631089644;217;2;1;-0.21;False;True
9.076377868652344;0.3365949281236042;0.2933615655654993;0.37004350631089644;217;2;1;-0.21;False;True
9.126375913619995;0.31450453653183297;0.3397375457903766;0.3457579176777903;216;2;2;-0.21;False;True
9.176372766494751;0.31450453653183297;0.3397375457903766;0.3457579176777903;216;2;2;-0.21;False;True
9.226373195648193;0.34369473691999197;0.3252706272336458;0.33103463584636217;218;3;2;-0.21;False;False
9.276371717453003;0.34369473691999197;0.3252706272336458;0.33103463584636217;218;3;2;0.21;False;False
9.326365232467651;0.3305743952516849;0.3128536149680101;0.3565719897803051;216;3;0;0.21;False;False
9.376368045806885;0.3305743952516849;0.3128536149680101;0.3565719897803051;216;3;0;0.21;False;False
9.426401853561401;0.31609606053800976;0.34294891424916124;0.34095502521282894;216;3;0;0.21;False;False
9.476901769638062;0.31609606053800976;0.34294891424916124;0.34095502521282894;217;2;1;0.21;False;False
9.526376247406006;0.31609606053800976;0.34294891424916124;0.34095502521282894;217;2;1;0.21;False;False
9.576197385787964;0.33271584035482604;0.33461479725647203;0.3326693623887019;217;1;2;0.21;False;False
9.626373529434204;0.33271584035482604;0.33461479725647203;0.3326693623887019;217;1;2;0.21;False;False
9.67638874053955;0.3340733481336293;0.33598005293439204;0.32994659893197864;218;4;1;0.21;False;False
9.726380825042725;0.3340733481336293;0.33598005293439204;0.32994659893197864;218;4;1;0.21;False;False
9.776374816894531;0.3374297161711726;0.32930877748223963;0.33326150634658763;216;3;2;0.21;False;False
9.826377868652344;0.3374297161711726;0.32930877748223963;0.33326150634658763;216;3;2;0.21;False;False
9.876374244689941;0.3527922120634085;0.32167335394330066;0.3255344339932908;217;1;1;0.21;False;False
9.9263916015625;0.3527922120634085;0.32167335394330066;0.3255344339932908;217;1;1;0.21;False;False
9.976372480392456;0.34288655048522587;0.31264144429811663;0.3444720052166575;217;2;1;0.21;False;False
10.026395797729492;0.34288655048522587;0.31264144429811663;0.3444720052166575;217;2;1;0.21;False;False
10.076367139816284;0.34288655048522587;0.31264144429811663;0.3444720052166575;216;1;1;0.21;False;False
10.12636923789978;0.33881441801114326;0.32080453816123616;0.34038104382762063;216;1;1;0.21;False;False
10.176385164260864;0.33881441801114326;0.32080453816123616;0.34038104382762063;217;2;1;0.21;False;False
10.226374387741089;0.3235594447173177;0.3282061887650906;0.3482343665175917;217;2;1;0.21;False;False
10.276451587677002;0.3235594447173177;0.3282061887650906;0.3482343665175917;216;2;2;0.21;False;False
10.326355457305908;0.34005542499286806;0.3449390732615163;0.31500550174561553;216;2;2;0.21;False;False
10.376479625701904;0.34005542499286806;0.3449390732615163;0.31500550174561553;217;5;1;0.09436363610354336;False;False
10.426289319992065;0.3606728621857215;0.3052229666450544;0.3341041711692241;216;4;2;0.04199999928474425;False;False
10.47648572921753;0.3606728621857215;0.3052229666450544;0.3341041711692241;216;4;2;0.04199999928474425;False;False
10.526478052139282;0.3606728621857215;0.3052229666450544;0.3341041711692241;218;4;1;0.017999999414790756;False;False
10.576478481292725;0.29182460200295257;0.33809200813948853;0.37008338985755895;218;4;1;0.017999999414790756;False;False
10.626434803009033;0.29182460200295257;0.33809200813948853;0.37008338985755895;218;4;1;0.016909088113091202;False;False
10.676536798477173;0.31797235023041476;0.3683853577949744;0.3136422919746109;218;4;1;0.016909088113091202;False;False
10.726597547531128;0.31797235023041476;0.3683853577949744;0.3136422919746109;218;4;2;0.02454545096917585;False;False
10.77655816078186;0.3305613305613306;0.3433788303353521;0.3260598391033174;218;4;2;0.02454545096917585;False;False
10.826752424240112;0.3305613305613306;0.3433788303353521;0.3260598391033174;217;3;2;0.03272726947611028;False;False
10.876484394073486;0.35725753959644174;0.3296853981340855;0.3130570622694728;217;3;2;0.03272726947611028;False;False
10.92654824256897;0.35725753959644174;0.3296853981340855;0.3130570622694728;217;5;3;0.043090910586443806;False;False
10.976543188095093;0.34380376501244425;0.3172699483855881;0.3389262866019677;217;5;3;0.043090910586443806;False;False
11.026517629623413;0.34380376501244425;0.3172699483855881;0.3389262866019677;217;3;4;0.04909090648997913;False;False
11.076517343521118;0.34380376501244425;0.3172699483855881;0.3389262866019677;217;3;4;0.04909090648997913;False;False
11.126662015914917;0.3386003586293122;0.3276029414183954;0.33379669995229244;216;5;3;0.05454544674266467;False;False
11.176513910293579;0.3386003586293122;0.3276029414183954;0.33379669995229244;216;5;3;0.05454544674266467;False;False
11.226478576660156;0.33946966336438467;0.327172359406575;0.33335797722904037;216;4;4;0.062181825854561536;False;False
11.276386022567749;0.33946966336438467;0.327172359406575;0.33335797722904037;215;3;2;0.07963635791431772;False;False
11.326510429382324;0.3435076432009177;0.33106406324031823;0.3254282935587641;215;3;2;0.07963635791431772;False;False
11.376276969909668;0.3435076432009177;0.33106406324031823;0.3254282935587641;215;2;4;0.09272727727890014;False;False
11.426523685455322;0.34703852064595775;0.3241881440052402;0.32877333534880204;215;2;4;0.09272727727890014;False;False
11.476316690444946;0.34703852064595775;0.3241881440052402;0.32877333534880204;215;3;2;0.11672727714885364;False;False
11.526673793792725;0.34703852064595775;0.3241881440052402;0.32877333534880204;215;3;2;0.11672727714885364;False;False
11.576504230499268;0.338455255500536;0.3284496401041401;0.3330951043953239;214;3;3;0.13963636571710758;False;False
11.626482486724854;0.338455255500536;0.3284496401041401;0.3330951043953239;214;3;3;0.13963636571710758;False;False
11.676470041275024;0.34109324758842446;0.3310096463022508;0.32789710610932477;214;4;2;0.14672726479443635;False;False
11.72646713256836;0.34109324758842446;0.3310096463022508;0.32789710610932477;214;4;2;0.14672726479443635;False;False
11.776466608047485;0.34489036855931543;0.3235623065518766;0.33154732488880795;214;2;4;0.14945455117659134;False;False
11.826470613479614;0.34489036855931543;0.3235623065518766;0.33154732488880795;214;2;4;0.14945455117659134;False;False
11.876489639282227;0.33823490773421144;0.3268494758322313;0.3349156164335572;214;3;6;0.15927272038026288;False;False
11.926498651504517;0.33823490773421144;0.3268494758322313;0.3349156164335572;214;3;6;0.15927272038026288;False;False
11.97649097442627;0.337729117112075;0.3263607107877431;0.33591017210018187;213;2;4;0.16418181311000474;False;False
12.0263032913208;0.337729117112075;0.3263607107877431;0.33591017210018187;215;2;6;0.19472728079015555;False;False
12.07647967338562;0.337729117112075;0.3263607107877431;0.33591017210018187;215;2;6;0.19472728079015555;False;False
12.126190423965454;0.3333678613355431;0.33505973344382295;0.3315724052206339;215;2;3;0.21;False;False
12.176372289657593;0.3333678613355431;0.33505973344382295;0.3315724052206339;215;2;3;0.21;False;False
12.226205348968506;0.34225341316549274;0.3305937161983767;0.3271528706361306;214;2;7;0.21;False;False
12.276380062103271;0.34225341316549274;0.3305937161983767;0.3271528706361306;214;2;7;0.21;False;False
12.32636046409607;0.34037489094620577;0.3287791904185125;0.33084591863528173;213;1;7;0.21;False;False
12.376380205154419;0.34037489094620577;0.3287791904185125;0.33084591863528173;213;1;7;0.21;False;False
12.4263916015625;0.3344597125236165;0.3404439487636185;0.325096338712765;215;2;9;0.21;False;False
12.476383209228516;0.3344597125236165;0.3404439487636185;0.325096338712765;215;2;9;0.21;False;False
12.526393175125122;0.3636681945505475;0.32550292844410494;0.3108288770053476;215;2;7;0.21;False;False
12.576395034790039;0.3636681945505475;0.32550292844410494;0.3108288770053476;215;2;7;0.21;False;False
12.626387119293213;0.3636681945505475;0.32550292844410494;0.3108288770053476;215;1;6;0.21;False;False
12.676357984542847;0.34300811360548816;0.3070110257969122;0.34998086059759975;215;1;6;0.21;False;False
12.726374387741089;0.34300811360548816;0.3070110257969122;0.34998086059759975;217;1;5;0.21;False;False
12.776173114776611;0.32928630615700544;0.3347335807183774;0.33598011312461723;216;2;5;0.21;False;False
12.826381206512451;0.32928630615700544;0.3347335807183774;0.33598011312461723;216;2;5;0.21;False;False
12.876217365264893;0.3222048276113154;0.3382677394691812;0.33952743291950344;216;1;7;0.21;False;False
12.926384687423706;0.3222048276113154;0.3382677394691812;0.33952743291950344;216;1;7;0.21;False;False
12.97620153427124;0.33327810080438647;0.3498930497394029;0.31682884945621065;216;1;6;0.21;False;False
13.026387214660645;0.33327810080438647;0.3498930497394029;0.31682884945621065;216;1;6;0.21;False;False
13.07636547088623;0.33327810080438647;0.3498930497394029;0.31682884945621065;217;2;5;0.21;False;False
13.12637710571289;0.3462983252465174;0.32449522616997967;0.3292064485835029;217;2;5;0.21;False;False
13.17637586593628;0.3462983252465174;0.32449522616997967;0.3292064485835029;216;1;8;0.21;False;False
13.226393699645996;0.33669498927975855;0.32926228857301676;0.33404272214722464;216;1;8;0.21;False;False
13.276386737823486;0.33669498927975855;0.32926228857301676;0.33404272214722464;216;1;8;0.21;False;False
13.326364755630493;0.34424805345587695;0.3366486152946812;0.3191033312494418;216;1;8;0.21;False;False
13.376395225524902;0.34424805345587695;0.3366486152946812;0.3191033312494418;215;2;6;0.21;False;False
13.426396369934082;0.3451672514429456;0.33487735979615596;0.3199553887608984;215;2;6;0.21;False;False
13.476380348205566;0.3451672514429456;0.33487735979615596;0.3199553887608984;216;3;7;0.21;False;False
13.526355981826782;0.37097568795501995;0.32167908726217753;0.30734522478280246;216;3;7;0.21;False;False
13.576378345489502;0.37097568795501995;0.32167908726217753;0.30734522478280246;216;0;6;0.21;False;False
13.626186847686768;0.37097568795501995;0.32167908726217753;0.30734522478280246;216;1;7;0.21;False;False
13.676371812820435;0.34959469417833455;0.3031392778187178;0.3472660280029477;216;1;7;0.21;False;False
13.72627568244934;0.34959469417833455;0.3031392778187178;0.3472660280029477;215;3;5;0.15709091403267597;False;False
13.776474714279175;0.3321849704506624;0.33784275831162647;0.3299722712377111;215;3;5;0.15709091403267597;False;False
13.826560735702515;0.3321849704506624;0.33784275831162647;0.3299722712377111;215;2;4;0.14236363584345035;False;False
13.876526355743408;0.34784808741674755;0.3299189015467513;0.32223301103650115;215;2;4;0.14236363584345035;False;False
13.926473140716553;0.34784808741674755;0.3299189015467513;0.32223301103650115;213;2;4;0.13200000286102292;False;False
13.976481914520264;0.34245284289041783;0.3248017449140334;0.3327454121955489;213;2;4;0.13200000286102292;False;False
14.026485204696655;0.34245284289041783;0.3248017449140334;0.3327454121955489;215;1;4;0.13036364403637973;False;False
14.076474905014038;0.34245284289041783;0.3248017449140334;0.3327454121955489;215;1;4;0.13036364403637973;False;False
14.12648320198059;0.33637505785889044;0.33678502942537863;0.32683991271573104;214;1;3;0.12381817622618241;False;False
14.176471471786499;0.33637505785889044;0.33678502942537863;0.32683991271573104;214;1;3;0.12381817622618241;False;False
14.226476430892944;0.3458266792686504;0.3319883974839488;0.32218492324740083;215;1;3;0.12054545857689597;False;False
14.276482343673706;0.3458266792686504;0.3319883974839488;0.32218492324740083;215;1;3;0.12054545857689597;False;False
14.326476097106934;0.34423134318674325;0.33045689890089924;0.3253117579123574;214;2;3;0.11727272467179731;False;False
14.376528024673462;0.34423134318674325;0.33045689890089924;0.3253117579123574;214;2;3;0.11727272467179731;False;False
14.426501274108887;0.34610868288864244;0.3268054015265184;0.32708591558483924;214;2;5;0.11836363597349686;False;False
14.47632884979248;0.34610868288864244;0.3268054015265184;0.32708591558483924;216;2;5;0.12109090609983963;False;False
14.526469945907593;0.3415771668801524;0.32907018753900225;0.3293526455808454;216;2;5;0.12109090609983963;False;False
14.576296091079712;0.3415771668801524;0.32907018753900225;0.3293526455808454;216;2;4;0.12818182143298062;False;False
14.62648344039917;0.3415771668801524;0.32907018753900225;0.3293526455808454;216;2;4;0.12818182143298062;False;False
14.676315784454346;0.34248830929328855;0.32994796812224203;0.32756372258446953;216;1;4;0.13636363181200895;False;False
14.726494073867798;0.34248830929328855;0.32994796812224203;0.32756372258446953;216;1;4;0.13636363181200895;False;False
14.77647066116333;0.3418488765005193;0.331198969194157;0.32695215430532365;216;3;4;0.13581818428906525;False;False
14.826483964920044;0.3418488765005193;0.331198969194157;0.32695215430532365;216;3;4;0.13581818428906525;False;False
14.876513004302979;0.3423028662650523;0.3309705095947286;0.326726624140219;217;1;5;0.14290908336639402;False;False
14.926477909088135;0.3423028662650523;0.3309705095947286;0.326726624140219;217;1;5;0.14290908336639402;False;False
14.976399183273315;0.33846063905110196;0.3272554840302182;0.3342838769186798;216;1;4;0.21;False;False
15.026373624801636;0.33846063905110196;0.3272554840302182;0.3342838769186798;216;1;4;0.21;False;False
15.076388120651245;0.33506530252657435;0.3340042570430913;0.3309304404303343;216;2;4;0.21;False;False
15.126381158828735;0.33506530252657435;0.3340042570430913;0.3309304404303343;216;2;4;0.21;False;False
15.176378011703491;0.33506530252657435;0.3340042570430913;0.3309304404303343;216;1;3;0.21;False;False
15.226387977600098;0.3466403811401347;0.32818996347828283;0.32516965538158243;216;1;3;0.21;False;False
15.27637529373169;0.3466403811401347;0.32818996347828283;0.32516965538158243;217;1;3;0.21;False;False
15.326191186904907;0.33957265592116664;0.32149842778974475;0.3389289162890886;218;1;4;0.21;False;False
15.376389026641846;0.33957265592116664;0.32149842778974475;0.3389289162890886;218;1;4;0.21;False;False
15.42622709274292;0.33096841139988903;0.3386906054682787;0.33034098313183236;216;2;2;0.21;False;False
15.476409196853638;0.33096841139988903;0.3386906054682787;0.33034098313183236;216;2;2;0.21;False;False
15.526328325271606;0.34819203460760806;0.3299713170639959;0.32183664832839615;217;2;3;0.21;False;False
15.576383352279663;0.34819203460760806;0.3299713170639959;0.32183664832839615;217;2;3;0.21;False;False
15.626384496688843;0.34819203460760806;0.3299713170639959;0.32183664832839615;216;2;3;0.21;False;False
15.67636752128601;0.3414369863171606;0.32356975712095537;0.334993256561884;216;2;3;0.21;False;False
15.726400136947632;0.3414369863171606;0.32356975712095537;0.334993256561884;216;1;3;0.21;False;False
15.776386022567749;0.336648292322555;0.3330567710405183;0.3302949366369267;216;1;3;0.21;False;False
15.826383113861084;0.336648292322555;0.3330567710405183;0.3302949366369267;218;3;6;0.21;False;False
15.87639570236206;0.3343218043397679;0.33422485814490605;0.331453337515326;218;3;6;0.21;False;False
15.926393747329712;0.3343218043397679;0.33422485814490605;0.331453337515326;216;1;3;0.21;False;False
15.976389646530151;0.3425678123575677;0.3424684749962018;0.3149637126462304;216;1;3;0.21;False;False
16.026391983032227;0.3425678123575677;0.3424684749962018;0.3149637126462304;217;2;3;0.21;False;False
16.07638192176819;0.3564306472598158;0.315859871836963;0.32770948090322105;217;2;3;0.21;False;False
16.126377820968628;0.3564306472598158;0.315859871836963;0.32770948090322105;216;4;2;0.21;False;False
16.17643117904663;0.3564306472598158;0.315859871836963;0.32770948090322105;217;2;5;0.21;False;False
16.22638773918152;0.32795159610940394;0.32983721461767024;0.3422111892729258;217;2;5;0.21;False;False
16.27635407447815;0.32795159610940394;0.32983721461767024;0.3422111892729258;216;3;3;0.20781818389892576;False;False
16.326477527618408;0.34110794872980127;0.3430692121268152;0.31582283914338355;216;3;3;0.20781818389892576;False;False
16.37647581100464;0.34110794872980127;0.3430692121268152;0.31582283914338355;217;3;5;0.19854544596238566;False;False
16.426557779312134;0.3559835980841459;0.31442059198511424;0.3295958099307398;217;3;5;0.19854544596238566;False;False
16.476503372192383;0.3559835980841459;0.31442059198511424;0.3295958099307398;217;4;4;0.19036363558335737;False;False
16.526488304138184;0.3211289092295957;0.3314372888743598;0.34743380189604445;217;4;4;0.19036363558335737;False;False
16.576630115509033;0.3211289092295957;0.3314372888743598;0.34743380189604445;216;4;5;0.061636362075805654;False;False
16.626501083374023;0.36774982529699507;0.37955475691324747;0.2526954177897574;216;4;5;0.061636362075805654;False;False
16.67650866508484;0.36774982529699507;0.37955475691324747;0.2526954177897574;216;4;4;0.004909088178114453;False;False
16.726539373397827;0.36774982529699507;0.37955475691324747;0.2526954177897574;216;4;4;0.004909088178114453;False;False
16.779170036315918;0.4622793440977161;0.22007027524470846;0.3176503806575755;193;6;2;0.0;False;False
16.828947067260742;0.4622793440977161;0.22007027524470846;0.3176503806575755;193;6;2;0.0;False;False
16.87650990486145;0.19499326799636785;0.32946112659297994;0.4755456054106523;142;5;7;-0.21;False;True
16.926693201065063;0.19499326799636785;0.32946112659297994;0.4755456054106523;142;5;7;-0.21;False;True
16.976494073867798;0.2594413314724936;0.43835274022538384;0.3022059283021226;146;5;7;-0.21;False;True
17.026458024978638;0.2594413314724936;0.43835274022538384;0.3022059283021226;150;4;4;-0.21;False;True
17.07655620574951;0.28603908779826837;0.38077302895987875;0.33318788324185283;150;4;4;-0.21;False;True
17.126304149627686;0.28603908779826837;0.38077302895987875;0.33318788324185283;168;4;7;-0.21;False;True
17.17649269104004;0.28603908779826837;0.38077302895987875;0.33318788324185283;168;4;7;-0.21;False;True
17.22654914855957;0.38667929292929293;0.32709911616161613;0.2862215909090909;189;4;9;-0.21;False;True
17.276508569717407;0.38667929292929293;0.32709911616161613;0.2862215909090909;189;4;9;-0.21;False;True
17.32634711265564;0.3232083374558886;0.27340786913360376;0.40338379341050756;216;3;3;-0.21;False;True
17.376397371292114;0.3232083374558886;0.27340786913360376;0.40338379341050756;216;3;3;-0.21;False;True
17.426401376724243;0.2673432086641023;0.398996098971547;0.3336606923643506;217;6;2;-0.21;False;True
17.476397037506104;0.2673432086641023;0.398996098971547;0.3336606923643506;217;6;2;-0.21;False;True
17.52638554573059;0.4236324226881558;0.3138828679957937;0.2624847093160504;217;3;2;-0.21;False;True
17.576400756835938;0.4236324226881558;0.3138828679957937;0.2624847093160504;217;3;2;-0.21;False;True
17.626381874084473;0.35471060717687014;0.2628164812851521;0.38247291153797774;217;3;2;-0.21;False;True
17.676387310028076;0.35471060717687014;0.2628164812851521;0.38247291153797774;217;3;2;-0.21;False;True
17.72641372680664;0.35471060717687014;0.2628164812851521;0.38247291153797774;216;2;2;-0.21;False;True
17.77637028694153;0.30693638922146377;0.3621040847107117;0.3309595260678245;216;2;2;-0.21;False;True
17.826384782791138;0.30693638922146377;0.3621040847107117;0.3309595260678245;217;3;1;-0.21;False;False
17.877216577529907;0.3547906141887295;0.3371017471736896;0.3081076386375809;217;4;2;0.21;False;False
17.926385641098022;0.3547906141887295;0.3371017471736896;0.3081076386375809;217;4;2;0.21;False;False
17.976200580596924;0.3356591642073116;0.3189241377421409;0.3454166980505474;216;1;1;0.21;False;False
18.026374101638794;0.3356591642073116;0.3189241377421409;0.3454166980505474;216;1;1;0.21;False;False
18.07621669769287;0.32359639568274084;0.3434003366669967;0.3330032676502624;216;1;2;0.21;False;False
18.126367330551147;0.32359639568274084;0.3434003366669967;0.3330032676502624;216;1;2;0.21;False;False
18.176196575164795;0.32359639568274084;0.3434003366669967;0.3330032676502624;216;2;3;0.21;False;False
18.22637629508972;0.33818827708703375;0.33599224931374133;0.3258194735992249;216;2;3;0.21;False;False
18.276371002197266;0.33818827708703375;0.33599224931374133;0.3258194735992249;216;2;3;0.21;False;False
18.326377630233765;0.3416037631216686;0.3393855568676318;0.31901068001069954;216;2;3;0.21;False;False
18.376373529434204;0.3416037631216686;0.3393855568676318;0.31901068001069954;217;2;2;0.21;False;False
18.426395654678345;0.3487946068733055;0.3254794593550364;0.3257259337716581;217;2;2;0.21;False;False
18.47638511657715;0.3487946068733055;0.3254794593550364;0.3257259337716581;216;2;5;0.21;False;False
18.526379346847534;0.32917716003211483;0.3352844702766131;0.335538369691272;216;2;5;0.21;False;False
18.57637906074524;0.32917716003211483;0.3352844702766131;0.335538369691272;216;3;2;0.21;False;False
18.62637758255005;0.33730144778753596;0.3435594900750262;0.3191390621374378;216;3;2;0.21;False;False
18.676372289657593;0.33730144778753596;0.3435594900750262;0.3191390621374378;215;3;3;0.21;False;False
18.726380348205566;0.33730144778753596;0.3435594900750262;0.3191390621374378;215;3;3;0.21;False;False
18.77648425102234;0.34706295173531476;0.3245621016228105;0.3283749466418747;216;2;3;0.19909089348532935;False;False
18.82629084587097;0.34706295173531476;0.3245621016228105;0.3283749466418747;217;2;5;0.18927274053747;False;False
18.876485109329224;0.32483709516933873;0.33561013563557196;0.33955276919508925;217;2;5;0.18927274053747;False;False
18.926307916641235;0.32483709516933873;0.33561013563557196;0.33955276919508925;218;2;32;-0.21;False;True
18.976466178894043;0.336458736923673;0.34761720263463775;0.31592406044168925;218;2;32;-0.21;False;True
19.026304006576538;0.336458736923673;0.34761720263463775;0.31592406044168925;216;1;37;-0.21;False;True
19.076464891433716;0.34781076274852213;0.32560598535702273;0.32658325189445525;216;1;37;-0.21;False;True
19.126405239105225;0.34781076274852213;0.32560598535702273;0.32658325189445525;217;2;33;-0.21;False;True
19.17646837234497;0.3384039069419728;0.3303023654550921;0.33129372760293513;217;2;33;-0.21;False;True
19.226451873779297;0.3384039069419728;0.3303023654550921;0.33129372760293513;216;2;33;-0.21;False;True
19.27645516395569;0.3384039069419728;0.3303023654550921;0.33129372760293513;216;2;33;-0.21;False;True
19.32645034790039;0.3318273812369524;0.32388328472853023;0.3442893340345174;216;1;33;-0.21;False;True
19.376457452774048;0.3318273812369524;0.32388328472853023;0.3442893340345174;216;1;33;-0.21;False;True
19.426422357559204;0.3182262772607094;0.35159628933412795;0.33017743340516253;217;2;4;-0.21;False;True
19.476410388946533;0.3182262772607094;0.35159628933412795;0.33017743340516253;217;2;4;-0.21;False;True
19.52638268470764;0.34847123943888236;0.335998714774976;0.31553004578614147;216;4;3;-0.21;False;True
19.576368808746338;0.34847123943888236;0.335998714774976;0.31553004578614147;216;4;3;-0.21;False;True
19.62637495994568;0.3367202935365509;0.32466836014676825;0.3386113463166808;217;1;3;-0.21;False;True
19.676198959350586;0.3367202935365509;0.32466836014676825;0.3386113463166808;217;4;2;-0.21;False;True
19.726372003555298;0.3367202935365509;0.32466836014676825;0.3386113463166808;217;4;2;-0.21;False;True
19.776198863983154;0.33019651259341265;0.33775256019928035;0.33205092720730695;217;2;4;-0.21;False;True
19.82640051841736;0.33019651259341265;0.33775256019928035;0.33205092720730695;217;2;4;-0.21;False;True
19.876200914382935;0.3354615041362029;0.33509765557958326;0.3294408402842138;217;3;2;-0.21;False;True
19.92640471458435;0.3354615041362029;0.33509765557958326;0.3294408402842138;217;3;2;-0.21;False;False
19.97634792327881;0.3403826997959027;0.3400135136076456;0.3196037865964516;215;3;2;0.18163636142557316;False;False
20.026472806930542;0.3403826997959027;0.3400135136076456;0.3196037865964516;215;3;2;0.18163636142557316;False;False
20.076513051986694;0.3460228439515929;0.3290775320601335;0.3248996239882735;216;2;5;0.14236363584345035;False;False
20.126479625701904;0.3460228439515929;0.3290775320601335;0.3248996239882735;216;2;5;0.14236363584345035;False;False
20.176709413528442;0.34044163857624404;0.3318859624064446;0.32767239901731127;216;3;4;0.11400000702251087;False;False
20.226518392562866;0.34044163857624404;0.3318859624064446;0.32767239901731127;216;3;4;0.11400000702251087;False;False
20.276483297348022;0.34044163857624404;0.3318859624064446;0.32767239901731127;215;3;3;0.09054545467550103;False;False
20.326492309570312;0.3400482216483814;0.33150243248255884;0.32844934586905966;215;3;3;0.09054545467550103;False;False
20.376481771469116;0.3400482216483814;0.33150243248255884;0.32844934586905966;215;3;3;0.07145454753528942;False;False
20.426506280899048;0.3432607975574981;0.32518686003139535;0.3315523424111065;215;3;3;0.07145454753528942;False;False
20.47648525238037;0.3432607975574981;0.32518686003139535;0.3315523424111065;214;3;4;0.060545450774106106;False;False
20.52627444267273;0.33502486256325004;0.32926491389241286;0.33571022354433705;215;4;3;0.05672726934606377;False;False
20.576523303985596;0.33502486256325004;0.32926491389241286;0.33571022354433705;215;4;3;0.05672726934606377;False;False
20.62630844116211;0.3361498225977541;0.33037053293829327;0.3334796444639526;216;3;3;0.05290908791802145;False;False
20.67657208442688;0.3361498225977541;0.33037053293829327;0.3334796444639526;216;3;3;0.05290908791802145;False;False
20.726353883743286;0.3361498225977541;0.33037053293829327;0.3334796444639526;213;2;2;0.05127272909337823;False;False
20.776554822921753;0.33441773469283786;0.3338209500520367;0.3317613152551255;213;2;2;0.05127272909337823;False;False
20.82649803161621;0.33441773469283786;0.3338209500520367;0.3317613152551255;213;3;1;0.048545458967035465;False;False
20.87647581100464;0.3438726387005589;0.3290788690155902;0.32704849228385097;213;3;1;0.048545458967035465;False;False
20.92649269104004;0.3438726387005589;0.3290788690155902;0.32704849228385097;214;2;2;0.04472726941108703;False;False
20.97647476196289;0.33770168392869726;0.3231733953357289;0.3391249207355739;214;2;2;0.04472726941108703;False;False
21.026552200317383;0.33770168392869726;0.3231733953357289;0.3391249207355739;213;2;2;0.04636363636363636;False;False
21.07650065422058;0.33140652441469715;0.3357902451841301;0.3328032304011726;213;2;2;0.04636363636363636;False;False
21.126495122909546;0.33140652441469715;0.3357902451841301;0.3328032304011726;213;2;2;0.05072726531462235;False;False
21.176495790481567;0.3393547681838678;0.3317983684735526;0.3288468633425795;213;2;2;0.05072726531462235;False;False
21.226495027542114;0.3393547681838678;0.3317983684735526;0.3288468633425795;214;1;2;0.04909090648997913;False;False
21.276481866836548;0.3393547681838678;0.3317983684735526;0.3288468633425795;213;1;2;0.04418182188814336;False;False
21.32651996612549;0.3400657264138025;0.33249349582363413;0.3274407777625633;213;1;2;0.04418182188814336;False;False
21.37629747390747;0.3400657264138025;0.33249349582363413;0.3274407777625633;213;3;2;0.043090910586443806;False;False
21.42653727531433;0.3453334445742255;0.32215362367206185;0.33251293175371266;213;3;2;0.043090910586443806;False;False
21.47630548477173;0.3453334445742255;0.32215362367206185;0.33251293175371266;216;2;4;0.06545454350384798;False;False
21.526496171951294;0.3341771435844494;0.3276435066679866;0.33817934974756403;216;2;4;0.06545454350384798;False;False
21.576465368270874;0.3341771435844494;0.3276435066679866;0.33817934974756403;215;1;3;0.12654546260833738;False;False
21.62650179862976;0.3419013651457385;0.3352167087472057;0.3228819261070558;215;1;3;0.12654546260833738;False;False
21.676397800445557;0.3419013651457385;0.3352167087472057;0.3228819261070558;216;3;3;0.21;False;False
21.72639298439026;0.3615056872509198;0.29709862236194934;0.34139569038713086;216;3;3;0.21;False;False
21.77638602256775;0.3615056872509198;0.29709862236194934;0.34139569038713086;217;1;2;0.21;False;False
21.826364278793335;0.3615056872509198;0.29709862236194934;0.34139569038713086;217;1;2;0.21;False;False
21.876376390457153;0.3358238645405646;0.3090486648206499;0.35512747063878547;218;1;3;0.21;False;False
21.926387786865234;0.3358238645405646;0.3090486648206499;0.35512747063878547;218;1;3;0.21;False;False
21.976372718811035;0.31549007295778014;0.2903360842004545;0.3941738428417654;217;3;3;0.21;False;False
22.02637529373169;0.31549007295778014;0.2903360842004545;0.3941738428417654;217;3;3;0.21;False;False
22.0763738155365;0.28594173441734416;0.3568021680216802;0.3572560975609756;217;3;3;0.21;False;False
22.126173496246338;0.28594173441734416;0.3568021680216802;0.3572560975609756;217;3;3;0.21;False;False
22.176377296447754;0.33325952870472875;0.3331583109283568;0.3335821603669144;217;3;3;0.21;False;False
22.226190090179443;0.33325952870472875;0.3331583109283568;0.3335821603669144;217;1;2;0.21;False;False
22.276373386383057;0.33325952870472875;0.3331583109283568;0.3335821603669144;217;1;2;0.21;False;False
22.32632875442505;0.3348035539511649;0.33470186722255413;0.33049457882628086;218;4;2;0.21;False;False
22.376375436782837;0.3348035539511649;0.33470186722255413;0.33049457882628086;218;4;2;0.21;False;False
22.42638349533081;0.33878249237932323;0.3267951999382629;0.33442230768241393;217;2;1;0.21;False;False
22.476375341415405;0.33878249237932323;0.3267951999382629;0.33442230768241393;217;2;1;0.21;False;False
22.5263729095459;0.32694435170820163;0.3326459941216133;0.3404096541701852;218;5;4;0.21;False;False
22.576374530792236;0.32694435170820163;0.3326459941216133;0.3404096541701852;218;5;4;0.21;False;False
22.626389741897583;0.3369903312214508;0.342867167311027;0.3201425014675222;216;4;2;0.21;False;False
22.6763653755188;0.3369903312214508;0.342867167311027;0.3201425014675222;216;4;2;0.21;False;False
22.726370573043823;0.3448930689924247;0.3274567891004261;0.32765014190714925;217;2;2;0.21;False;False
22.77638030052185;0.3448930689924247;0.3274567891004261;0.32765014190714925;217;2;2;0.21;False;False
22.82638692855835;0.3448930689924247;0.3274567891004261;0.32765014190714925;217;4;2;0.21;False;False
22.876442432403564;0.34171101843692103;0.32904734479193415;0.3292416367711449;217;4;2;0.21;False;False
22.926390886306763;0.34171101843692103;0.32904734479193415;0.3292416367711449;216;2;1;0.21;False;False
22.976181983947754;0.3390641567633815;0.3264985747531638;0.3344372684834548;217;3;2;0.21;False;False
23.02641487121582;0.3390641567633815;0.3264985747531638;0.3344372684834548;217;3;2;0.21;False;False
23.076210260391235;0.33749331798182486;0.32961881656318104;0.332887865454994;216;3;2;0.21;False;False
23.12643313407898;0.33749331798182486;0.32961881656318104;0.332887865454994;216;3;2;0.21;False;False
23.17621374130249;0.3292650772945519;0.3337126363409286;0.3370222863645194;216;4;1;0.21;False;False
23.22637414932251;0.3292650772945519;0.3337126363409286;0.3370222863645194;216;4;1;0.21;False;False
23.276407718658447;0.3292650772945519;0.3337126363409286;0.3370222863645194;217;4;2;0.21;False;False
23.32637596130371;0.33385158712291757;0.3383610986042323;0.32778731427285007;217;4;2;0.21;False;False
23.376397371292114;0.33385158712291757;0.3383610986042323;0.32778731427285007;217;4;2;0.21;False;False
23.426387071609497;0.3396921975662133;0.32678596993557624;0.3335218324982105;217;4;2;0.21;False;False
23.476385831832886;0.3396921975662133;0.32678596993557624;0.3335218324982105;217;5;2;0.21;False;False
23.52640724182129;0.33211454222930165;0.3305361474133874;0.33734931035731097;217;5;2;0.21;False;False
23.576375007629395;0.33211454222930165;0.3305361474133874;0.33734931035731097;216;5;1;0.21;False;False
23.626402139663696;0.3370563597619223;0.335454478653832;0.32748916158424574;216;5;1;0.21;False;False
23.67638850212097;0.3370563597619223;0.335454478653832;0.32748916158424574;218;3;2;0.21;False;False
23.726376056671143;0.34083309803688455;0.3280082031772451;0.33115869878587034;218;3;2;0.21;False;False
23.77638053894043;0.34083309803688455;0.3280082031772451;0.33115869878587034;216;3;1;0.21;False;False
23.82651925086975;0.34083309803688455;0.3280082031772451;0.33115869878587034;217;2;1;0.09709090622988613;False;False
23.876495122909546;0.33442871397810736;0.33119509029387717;0.33437619572801547;217;2;1;0.09709090622988613;False;False
23.926290035247803;0.33442871397810736;0.33119509029387717;0.33437619572801547;216;2;2;0.08781818454915825;False;False
23.976500749588013;0.32944576247385493;0.32626031943120254;0.3442939180949424;216;2;2;0.08781818454915825;False;False
24.02645778656006;0.32944576247385493;0.32626031943120254;0.3442939180949424;219;3;4;0.08236364429647272;False;False
24.076497316360474;0.3231407175427531;0.33915457834032897;0.33770470411691783;219;3;4;0.08236364429647272;False;False
24.126508951187134;0.3231407175427531;0.33915457834032897;0.33770470411691783;219;5;2;0.08127273299477315;False;False
24.17648482322693;0.3430941442170361;0.3291564942694518;0.32774936151351197;219;5;2;0.08127273299477315;False;False
24.226426362991333;0.3430941442170361;0.3291564942694518;0.32774936151351197;218;4;4;0.08072726921601728;False;False
24.27647590637207;0.3378738853591447;0.3241483000644361;0.3379778145764191;218;4;4;0.08072726921601728;False;False
24.32648777961731;0.3378738853591447;0.3241483000644361;0.3379778145764191;218;3;3;0.08127273299477315;False;False
24.37649917602539;0.3378738853591447;0.3241483000644361;0.3379778145764191;218;3;3;0.08127273299477315;False;False
24.42651629447937;0.33259219347842395;0.33471330846195296;0.3326944980596231;218;3;2;0.08672727324745871;False;False
24.47663164138794;0.33259219347842395;0.33471330846195296;0.3326944980596231;218;3;2;0.08672727324745871;False;False
24.526556491851807;0.3406196514965702;0.33068743851326765;0.3286929099901621;217;3;2;0.09218181350014425;False;False
24.576464653015137;0.3406196514965702;0.33068743851326765;0.3286929099901621;217;3;2;0.09218181350014425;False;False
24.626509428024292;0.34151021152689853;0.3315520304825732;0.3269377579905282;218;3;2;0.10090908765792846;False;False
24.67647433280945;0.34151021152689853;0.3315520304825732;0.3269377579905282;218;3;2;0.10090908765792846;False;False
24.72656536102295;0.3459603736782671;0.3228415973719331;0.3311980289497998;218;2;2;0.10745453921231356;False;False
24.77653431892395;0.3459603736782671;0.3228415973719331;0.3311980289497998;218;2;2;0.10745453921231356;False;False
24.826385498046875;0.3459603736782671;0.3228415973719331;0.3311980289497998;216;1;2;0.21;False;False
24.876171827316284;0.3310115505775289;0.3302205110255513;0.3387679383969199;215;1;3;0.21;False;False
24.92637324333191;0.3310115505775289;0.3302205110255513;0.3387679383969199;215;1;3;0.21;False;False
24.976239681243896;0.34217877094972066;0.34136104437433057;0.3164601846759487;214;0;3;0.21;False;False
25.02637505531311;0.34217877094972066;0.34136104437433057;0.3164601846759487;214;0;3;0.21;False;False
25.076202154159546;0.35628710931613367;0.31420476807619274;0.32950812260767354;215;3;5;0.21;False;False
25.12642478942871;0.35628710931613367;0.31420476807619274;0.32950812260767354;215;3;5;0.21;False;False
25.176209211349487;0.3364634061094671;0.3238809795652072;0.33965561432532565;216;2;6;0.21;False;False
25.22641611099243;0.3364634061094671;0.3238809795652072;0.33965561432532565;216;2;6;0.21;False;False
25.276382207870483;0.3377382762250029;0.32510817448251667;0.3371535492924804;215;2;8;0.21;False;False
25.3263738155365;0.3377382762250029;0.32510817448251667;0.3371535492924804;215;2;8;0.21;False;False
25.376405000686646;0.3377382762250029;0.32510817448251667;0.3371535492924804;215;2;6;0.21;False;False
25.426392078399658;0.32538889681746824;0.3497855527930716;0.3248255503894602;215;2;6;0.21;False;False
25.476384162902832;0.32538889681746824;0.3497855527930716;0.3248255503894602;215;1;3;0.21;False;False
25.526371717453003;0.3505365613791508;0.33674650005785034;0.312716938562999;215;1;3;0.21;False;False
25.576383113861084;0.3505365613791508;0.33674650005785034;0.312716938562999;215;1;5;0.21;False;False
25.626291275024414;0.34353849969880584;0.33002374118564193;0.32643775911555223;217;1;6;0.21;False;False
25.676377296447754;0.34353849969880584;0.33002374118564193;0.32643775911555223;217;1;6;0.21;False;False
25.726210355758667;0.35115360933029083;0.31517258864862907;0.33367380202108005;215;2;5;0.21;False;False
25.776374578475952;0.35115360933029083;0.31517258864862907;0.33367380202108005;215;2;5;0.21;False;False
25.826340913772583;0.3083130622803969;0.3359820842503572;0.3557048534692459;217;2;5;0.21;False;False
25.87637448310852;0.3083130622803969;0.3359820842503572;0.3557048534692459;217;2;5;0.21;False;False
25.92630386352539;0.3083130622803969;0.3359820842503572;0.3557048534692459;216;3;4;0.032181821953166614;False;False
25.976516485214233;0.3369027728553829;0.36713752890149026;0.29595969824312696;216;3;4;0.032181821953166614;False;False
26.02912712097168;0.3369027728553829;0.36713752890149026;0.29595969824312696;219;6;8;0.0;False;False
26.07893943786621;0.3903118584416854;0.2668100498582462;0.34287809170006844;219;6;8;0.0;False;False
26.12647819519043;0.3903118584416854;0.2668100498582462;0.34287809170006844;186;7;3;-0.21;False;True
26.176494359970093;0.21612619406737052;0.3430367018602313;0.4408371040723982;186;7;3;-0.21;False;True
26.22649121284485;0.21612619406737052;0.3430367018602313;0.4408371040723982;150;5;5;-0.21;False;True
26.276448726654053;0.3035518836281467;0.4817992444303217;0.21464887194153162;150;5;5;-0.21;False;True
26.326616048812866;0.3035518836281467;0.4817992444303217;0.21464887194153162;139;5;2;-0.21;False;True
26.376482486724854;0.3035518836281467;0.4817992444303217;0.21464887194153162;139;5;2;-0.21;False;True
26.426493883132935;0.4092683391250536;0.30132812871899844;0.28940353215594805;145;6;1;-0.21;False;True
26.476293802261353;0.4092683391250536;0.30132812871899844;0.28940353215594805;190;5;5;-0.21;False;True
26.526508569717407;0.4807088755910784;0.26488680587521446;0.2544043185337072;190;5;5;-0.21;False;True
26.57648777961731;0.4807088755910784;0.26488680587521446;0.2544043185337072;214;3;4;-0.21;True;True
26.626371145248413;0.3292018913884511;0.18140134689783638;0.48939676171371255;214;3;4;-0.21;True;True
26.67622399330139;0.3292018913884511;0.18140134689783638;0.48939676171371255;216;3;2;-0.21;True;True
26.72639012336731;0.23892967823790015;0.4058736662576177;0.3551966555044822;216;3;2;-0.21;True;True
26.776246786117554;0.23892967823790015;0.4058736662576177;0.3551966555044822;216;1;2;-0.21;True;True
26.826433658599854;0.3774732472481669;0.33198931591214553;0.29053743683968764;216;1;2;-0.21;True;True
26.876377820968628;0.3774732472481669;0.33198931591214553;0.29053743683968764;218;1;4;-0.21;True;True
26.926385641098022;0.3774732472481669;0.33198931591214553;0.29053743683968764;218;1;4;-0.21;True;True
26.976540327072144;0.34402425031785905;0.30257078177814994;0.35340496790399106;216;1;3;-0.21;False;True
27.026371955871582;0.34402425031785905;0.30257078177814994;0.35340496790399106;216;1;3;-0.21;False;True
27.076417446136475;0.3263731576005413;0.33835427024800685;0.33527257215145184;216;1;7;-0.21;False;False
27.12637424468994;0.3263731576005413;0.33835427024800685;0.33527257215145184;216;1;7;0.21;False;False
27.17637825012207;0.3413185280009205;0.3308473991182964;0.327834072880783;217;1;4;0.21;False;False
27.226391315460205;0.3413185280009205;0.3308473991182964;0.327834072880783;217;1;4;0.21;False;False
27.276365995407104;0.3374093558936442;0.32705815441490116;0.33553248969145455;217;1;7;0.21;False;False
27.326224088668823;0.3374093558936442;0.32705815441490116;0.33553248969145455;217;1;5;0.21;False;False
27.376381158828735;0.3374093558936442;0.32705815441490116;0.33553248969145455;217;1;5;0.21;False;False
27.426215171813965;0.3344137542277339;0.333032694475761;0.33255355129650505;216;1;2;0.21;False;False
27.47640371322632;0.3344137542277339;0.333032694475761;0.33255355129650505;216;1;2;0.21;False;False
27.526202917099;0.3329331591398608;0.33377352494615303;0.3332933159139861;217;1;5;0.21;False;False
27.57637333869934;0.3329331591398608;0.33377352494615303;0.3332933159139861;217;1;5;0.21;False;False
27.6262047290802;0.33497701451602585;0.33582253927426975;0.3292004462097043;216;1;5;0.21;False;False
27.67637825012207;0.33497701451602585;0.33582253927426975;0.3292004462097043;216;1;5;0.21;False;False
27.726389169692993;0.33553966051030215;0.33470694993060746;0.3297533895590904;216;1;3;0.21;False;False
27.77638053894043;0.33553966051030215;0.33470694993060746;0.3297533895590904;216;1;3;0.21;False;False
27.82638955116272;0.3385994119939074;0.3331656689454855;0.32823491906060714;216;2;4;0.21;False;False
27.876371383666992;0.3385994119939074;0.3331656689454855;0.32823491906060714;216;2;4;0.21;False;False
27.92647957801819;0.3385994119939074;0.3331656689454855;0.32823491906060714;216;5;2;0.07690908778797495;False;False
27.97648048400879;0.3372019190066319;0.33179060251164105;0.33100747848172707;216;5;2;0.07690908778797495;False;False
28.026489973068237;0.3372019190066319;0.33179060251164105;0.33100747848172707;217;3;2;0.07036363623358985;False;False
28.07646870613098;0.3386641913723712;0.3288929199024999;0.33244288872512895;217;3;2;0.07036363623358985;False;False
28.1265070438385;0.3386641913723712;0.3288929199024999;0.33244288872512895;219;5;4;0.06545454350384798;False;False
28.17629861831665;0.3331118304002058;0.3316541981951084;0.33523397140468586;219;19;4;0.06381818467920476;False;False
28.226490259170532;0.3331118304002058;0.3316541981951084;0.33523397140468586;219;19;4;0.06381818467920476;False;False
28.276302576065063;0.343949890440672;0.34244483300502426;0.3136052765543038;216;26;3;-0.21;False;True
28.326521396636963;0.343949890440672;0.34244483300502426;0.3136052765543038;216;26;3;-0.21;False;True
28.37630558013916;0.35712370636495255;0.3172594470787404;0.3256168465563071;217;30;4;-0.21;False;True
28.42656111717224;0.35712370636495255;0.3172594470787404;0.3256168465563071;217;30;4;-0.21;False;True
28.476327657699585;0.35712370636495255;0.3172594470787404;0.3256168465563071;215;29;3;-0.21;False;True
28.526480436325073;0.3390484591212305;0.32617958148582776;0.3347719593929418;215;29;3;-0.21;False;True
28.576385259628296;0.3390484591212305;0.32617958148582776;0.3347719593929418;215;23;3;-0.21;False;True
28.626368761062622;0.3378033756797263;0.3249817562636828;0.3372148680565909;215;23;3;-0.21;False;True
28.67642641067505;0.3378033756797263;0.3249817562636828;0.3372148680565909;215;16;3;-0.21;False;True
28.726366996765137;0.3289247484356018;0.3427235427602173;0.3283517088041809;215;16;3;-0.21;False;True
28.77637767791748;0.3289247484356018;0.3427235427602173;0.3283517088041809;215;7;3;-0.21;False;True
28.826438188552856;0.34897080297381233;0.33248586104913613;0.31854333597705153;215;7;3;-0.21;False;True
28.876380920410156;0.34897080297381233;0.33248586104913613;0.31854333597705153;215;5;3;-0.21;False;True
28.926433801651;0.34897080297381233;0.33248586104913613;0.31854333597705153;215;5;3;-0.21;False;True
28.97639513015747;0.3389976958525346;0.32298387096774195;0.3380184331797235;216;1;3;-0.21;False;True
29.026177644729614;0.3389976958525346;0.32298387096774195;0.3380184331797235;215;1;1;-0.21;False;True
29.076366186141968;0.33230751856348284;0.33634489963014197;0.3313475818063751;215;1;1;-0.21;False;False
29.126201152801514;0.33230751856348284;0.33634489963014197;0.3313475818063751;216;1;2;0.21;False;False
29.17639422416687;0.3399941392350306;0.33247282419100505;0.32753303657396426;216;1;2;0.21;False;False
29.22633647918701;0.3399941392350306;0.33247282419100505;0.32753303657396426;217;2;3;0.21;False;False
29.2763729095459;0.3349255988178288;0.32751640949860816;0.33755799168356304;217;2;3;0.21;False;False
29.32640814781189;0.3349255988178288;0.32751640949860816;0.33755799168356304;216;3;2;0.21;False;False
29.376363277435303;0.33134557718590846;0.3347045904247724;0.33394983238931913;216;3;2;0.21;False;False
29.42638874053955;0.33134557718590846;0.3347045904247724;0.33394983238931913;216;1;3;0.21;False;False
29.47637128829956;0.33134557718590846;0.3347045904247724;0.33394983238931913;216;1;3;0.21;False;False
29.526378393173218;0.3322763322288011;0.3342386875984573;0.3334849801727416;217;2;4;0.21;False;False
29.576376914978027;0.3322763322288011;0.3342386875984573;0.3334849801727416;217;2;4;0.21;False;False
29.62637209892273;0.3344427889938353;0.3364179390095545;0.3291392719966101;216;2;3;0.21;False;False
29.67636799812317;0.3344427889938353;0.3364179390095545;0.3291392719966101;216;2;3;0.21;False;False
29.726375341415405;0.3429847063935966;0.31946955997588905;0.3375457336305143;216;1;2;0.21;False;False
29.776363611221313;0.3429847063935966;0.31946955997588905;0.3375457336305143;216;1;2;0.21;False;False
29.826375007629395;0.3099003195076343;0.33555663530485735;0.3545430451875083;216;2;2;0.21;False;False
29.87629222869873;0.3099003195076343;0.33555663530485735;0.3545430451875083;216;2;2;0.21;False;False
